-- Minimal production seed for NEWME MEDTECH.
-- Content is intentionally conservative and must receive final product/regulatory review.
begin;

insert into public.systems (id,name,slug,description,seo_title,seo_description,status,sort_order) values
('10000000-0000-4000-8000-000000000001','Skin Rejuvenation & Resurfacing','skin-rejuvenation-resurfacing','A structured system for professional skin-remodeling and resurfacing applications using depth- and mechanism-specific technologies.','Skin Rejuvenation & Resurfacing System','Explore professional skin rejuvenation technologies, applications, and platforms organized within a structured treatment system.','published',10),
('10000000-0000-4000-8000-000000000002','Hair Removal & Pigment Correction','hair-removal-pigment-correction','A structured laser system for professional hair-reduction and pigment-focused treatment applications.','Hair Removal & Pigment Correction System','Explore laser technologies and professional platforms for hair-removal and pigment-correction treatment planning.','published',20)
on conflict (id) do update set name=excluded.name,slug=excluded.slug,description=excluded.description,seo_title=excluded.seo_title,seo_description=excluded.seo_description,status=excluded.status,sort_order=excluded.sort_order;

insert into public.technologies (id,name,slug,type,definition,mechanism,seo_title,seo_description,status,sort_order) values
('20000000-0000-4000-8000-000000000001','Fractional Radiofrequency','fractional-radiofrequency','energy','Controlled radiofrequency energy delivered through a fractional microneedle array.','Microneedles create controlled treatment zones while radiofrequency energy is delivered at selected depths for professional skin-remodeling workflows.','Fractional Radiofrequency Technology','Understand fractional radiofrequency mechanisms, clinical applications, related systems, and professional aesthetic platforms.','published',10),
('20000000-0000-4000-8000-000000000002','Diode Laser Technology','diode-laser','light','Semiconductor laser technology used in professional hair-reduction treatment pathways.','Selected wavelengths target melanin in the hair follicle while contact cooling supports professional treatment workflows.','Diode Laser Hair-Removal Technology','Understand diode laser mechanisms, hair-removal applications, system relationships, and available professional platforms.','published',20),
('20000000-0000-4000-8000-000000000003','Q-Switched Nd:YAG Laser','q-switched-nd-yag','light','Short-pulse laser technology used in professional pigment and tattoo-removal pathways.','Nanosecond pulses deliver wavelength-specific energy to selected pigment targets according to color, depth, and skin-type assessment.','Q-Switched Nd:YAG Laser Technology','Explore Q-switched Nd:YAG mechanisms, pigment applications, system relationships, and professional platforms.','published',30)
on conflict (id) do update set name=excluded.name,slug=excluded.slug,type=excluded.type,definition=excluded.definition,mechanism=excluded.mechanism,seo_title=excluded.seo_title,seo_description=excluded.seo_description,status=excluded.status,sort_order=excluded.sort_order;

insert into public.applications (id,name,slug,description,clinical_outcomes,clinical_disclaimer,seo_title,seo_description,status,sort_order) values
('30000000-0000-4000-8000-000000000001','Skin Texture Remodeling','skin-texture-remodeling','Professional treatment planning focused on uneven texture and controlled skin-remodeling pathways.',array['Improved appearance of skin texture','Protocol-dependent skin remodeling'],'Outcomes vary by client, indication, protocol, operator, product configuration, and intended use.','Skin Texture Remodeling Technologies','Explore systems, technologies, and professional platforms supporting skin-texture remodeling treatment planning.','published',10),
('30000000-0000-4000-8000-000000000002','Laser Hair Removal','laser-hair-removal','Professional reduction of unwanted hair using wavelength- and skin-type-aware treatment planning.',array['Progressive hair reduction','Treatment planning across face and body areas'],'Outcomes vary by client, hair characteristics, skin type, protocol, operator, and intended use.','Laser Hair Removal Technologies','Explore diode laser systems, technologies, and professional platforms for laser hair-removal treatment planning.','published',20),
('30000000-0000-4000-8000-000000000003','Pigmentation Correction','pigmentation-correction','Professional wavelength selection and treatment planning for suitable benign pigmented lesions.',array['Improved appearance of selected pigmentation'],'Suitability and outcomes require professional assessment and vary by client, lesion, protocol, operator, and intended use.','Pigmentation Correction Laser Technologies','Explore systems, Q-switched laser technology, and professional platforms supporting pigmentation-correction planning.','published',30)
on conflict (id) do update set name=excluded.name,slug=excluded.slug,description=excluded.description,clinical_outcomes=excluded.clinical_outcomes,clinical_disclaimer=excluded.clinical_disclaimer,seo_title=excluded.seo_title,seo_description=excluded.seo_description,status=excluded.status,sort_order=excluded.sort_order;

insert into public.system_technologies (system_id,technology_id,sort_order) values
('10000000-0000-4000-8000-000000000001','20000000-0000-4000-8000-000000000001',10),
('10000000-0000-4000-8000-000000000002','20000000-0000-4000-8000-000000000002',10),
('10000000-0000-4000-8000-000000000002','20000000-0000-4000-8000-000000000003',20)
on conflict (system_id,technology_id) do update set sort_order=excluded.sort_order;

insert into public.system_applications (system_id,application_id,sort_order) values
('10000000-0000-4000-8000-000000000001','30000000-0000-4000-8000-000000000001',10),
('10000000-0000-4000-8000-000000000002','30000000-0000-4000-8000-000000000002',10),
('10000000-0000-4000-8000-000000000002','30000000-0000-4000-8000-000000000003',20)
on conflict (system_id,application_id) do update set sort_order=excluded.sort_order;

insert into public.technology_applications (technology_id,application_id,sort_order) values
('20000000-0000-4000-8000-000000000001','30000000-0000-4000-8000-000000000001',10),
('20000000-0000-4000-8000-000000000002','30000000-0000-4000-8000-000000000002',10),
('20000000-0000-4000-8000-000000000003','30000000-0000-4000-8000-000000000003',10)
on conflict (technology_id,application_id) do update set sort_order=excluded.sort_order;

insert into public.products (id,name,short_name,slug,system_id,primary_technology_id,description,workflow_role,key_features,specs,regulatory_note,content_generated_by,ai_core_version,seo_title,seo_description,status,sort_order) values
('40000000-0000-4000-8000-000000000001','AURA RF','RF Microneedling Platform','aura-rf','10000000-0000-4000-8000-000000000001','20000000-0000-4000-8000-000000000001','A professional fractional radiofrequency platform for controlled skin-remodeling applications.','Supports application-led selection of treatment depth, consumables, and workflow configuration.',array['Fractional RF delivery','Configurable treatment workflow','Professional application support'],'{}','Regulatory status, intended use, and available configurations vary by product and market.','AI_INTELLIGENCE_CORE','1.0.0','AURA RF Microneedling Platform','Review AURA RF clinical applications, fractional radiofrequency technology, parent system, features, and inquiry options.','published',10),
('40000000-0000-4000-8000-000000000002','AURA RF Compact','RF Microneedling Compact','aura-rf-compact','10000000-0000-4000-8000-000000000001','20000000-0000-4000-8000-000000000001','A compact professional fractional radiofrequency platform for structured skin-remodeling workflows.','Provides an alternative platform configuration within the Skin Rejuvenation & Resurfacing system.',array['Compact platform format','Fractional RF mechanism','Application-led configuration'],'{}','Regulatory status, intended use, and available configurations vary by product and market.','AI_INTELLIGENCE_CORE','1.0.0','AURA RF Compact Platform','Review AURA RF Compact applications, technology, system relationship, features, and configuration inquiry.','published',20),
('40000000-0000-4000-8000-000000000003','VELA DIODE','Diode Laser Platform','vela-diode','10000000-0000-4000-8000-000000000002','20000000-0000-4000-8000-000000000002','A professional diode laser platform for structured hair-reduction treatment workflows.','Supports application and market-led diode laser platform selection. ',array['Diode laser technology','Professional hair-reduction workflow','Configurable platform support'],'{}','Regulatory status, intended use, and available configurations vary by product and market.','AI_INTELLIGENCE_CORE','1.0.0','VELA Diode Laser Platform','Review VELA DIODE applications, diode laser technology, parent system, features, and inquiry options.','published',30),
('40000000-0000-4000-8000-000000000004','VELA DIODE Compact','Compact Diode Laser Platform','vela-diode-compact','10000000-0000-4000-8000-000000000002','20000000-0000-4000-8000-000000000002','A compact professional diode laser configuration for hair-reduction treatment workflows.','Provides an alternative diode laser configuration for selected professional operating models.',array['Compact platform format','Diode laser mechanism','Professional workflow support'],'{}','Regulatory status, intended use, and available configurations vary by product and market.','AI_INTELLIGENCE_CORE','1.0.0','VELA DIODE Compact Platform','Review VELA DIODE Compact applications, technology, system relationship, and configuration inquiry.','published',40),
('40000000-0000-4000-8000-000000000005','LUMA YAG','Q-Switched Nd:YAG Platform','luma-yag','10000000-0000-4000-8000-000000000002','20000000-0000-4000-8000-000000000003','A professional Q-switched Nd:YAG laser platform for pigment-focused treatment pathways.','Supports wavelength-aware pigment application planning within the Hair Removal & Pigment Correction system.',array['Q-switched laser technology','Pigment-focused workflow','Professional configuration support'],'{}','Regulatory status, intended use, and available configurations vary by product and market.','AI_INTELLIGENCE_CORE','1.0.0','LUMA YAG Laser Platform','Review LUMA YAG applications, Q-switched Nd:YAG technology, parent system, features, and inquiry options.','published',50)
on conflict (id) do update set name=excluded.name,short_name=excluded.short_name,slug=excluded.slug,system_id=excluded.system_id,primary_technology_id=excluded.primary_technology_id,description=excluded.description,workflow_role=excluded.workflow_role,key_features=excluded.key_features,specs=excluded.specs,regulatory_note=excluded.regulatory_note,content_generated_by=excluded.content_generated_by,ai_core_version=excluded.ai_core_version,seo_title=excluded.seo_title,seo_description=excluded.seo_description,status=excluded.status,sort_order=excluded.sort_order;

insert into public.product_applications (product_id,application_id,sort_order) values
('40000000-0000-4000-8000-000000000001','30000000-0000-4000-8000-000000000001',10),('40000000-0000-4000-8000-000000000002','30000000-0000-4000-8000-000000000001',10),('40000000-0000-4000-8000-000000000003','30000000-0000-4000-8000-000000000002',10),('40000000-0000-4000-8000-000000000004','30000000-0000-4000-8000-000000000002',10),('40000000-0000-4000-8000-000000000005','30000000-0000-4000-8000-000000000003',10)
on conflict (product_id,application_id) do update set sort_order=excluded.sort_order;

insert into public.faqs (id,question,answer,product_id,content_generated_by,ai_core_version,status,sort_order) values
('50000000-0000-4000-8000-000000000001','Which applications does AURA RF support?','The published application relationship currently connects this platform to professional skin-texture remodeling workflows. Final intended use varies by configuration and market.','40000000-0000-4000-8000-000000000001','AI_INTELLIGENCE_CORE','1.0.0','published',10),
('50000000-0000-4000-8000-000000000002','How does AURA RF Compact fit the system?','It is a compact fractional radiofrequency implementation within the Skin Rejuvenation & Resurfacing system.','40000000-0000-4000-8000-000000000002','AI_INTELLIGENCE_CORE','1.0.0','published',10),
('50000000-0000-4000-8000-000000000003','Which technology does VELA DIODE use?','The platform implements professional diode laser technology within the Hair Removal & Pigment Correction system.','40000000-0000-4000-8000-000000000003','AI_INTELLIGENCE_CORE','1.0.0','published',10),
('50000000-0000-4000-8000-000000000004','Who is VELA DIODE Compact intended for?','Configuration and intended use depend on market documentation and professional operating requirements. Contact NEWME MEDTECH for confirmation.','40000000-0000-4000-8000-000000000004','AI_INTELLIGENCE_CORE','1.0.0','published',10),
('50000000-0000-4000-8000-000000000005','Which applications are connected to LUMA YAG?','The current CMS relationship connects LUMA YAG to professional pigmentation-correction planning. Suitability requires professional assessment.','40000000-0000-4000-8000-000000000005','AI_INTELLIGENCE_CORE','1.0.0','published',10)
on conflict (id) do update set question=excluded.question,answer=excluded.answer,product_id=excluded.product_id,content_generated_by=excluded.content_generated_by,ai_core_version=excluded.ai_core_version,status=excluded.status,sort_order=excluded.sort_order;

insert into public.pages (id,key,title,eyebrow,content,seo_title,seo_description,status) values
('60000000-0000-4000-8000-000000000001','home','Creating Beauty Through Technology.','Aesthetic technology, thoughtfully structured','{"intro":"Application-driven aesthetic technology systems that help professionals evaluate platforms, workflows, and market requirements.","hero_image":"/images/newme-hero-beauty-v2.png"}','NEWME MEDTECH Aesthetic Technology Systems','Explore structured aesthetic technology systems organized by clinical application, physical mechanism, and professional platform.','published'),
('60000000-0000-4000-8000-000000000002','about','Creating Beauty Through Technology.','About Us','{"lead":"NEWME MEDTECH was founded on a simple belief: beauty is created through expertise, innovation, and trusted technology.","paragraphs":["We work with clinics, practitioners, distributors, and beauty professionals to provide structured aesthetic technology solutions.","Our portfolio connects laser, radiofrequency, phototherapy, contouring, and skin-care technologies to professional applications.","We focus on helping partners evaluate systems, technologies, and platforms in clinical and operational context."]}','About NEWME MEDTECH','Learn how NEWME MEDTECH structures aesthetic technologies around professional applications, workflows, and partner support.','published'),
('60000000-0000-4000-8000-000000000003','contact','The right recommendation starts with context.','Request a consultation','{"intro":"Tell us about your market, business type, and treatment applications. A specialist will respond with relevant systems and configurations."}','Contact NEWME MEDTECH','Contact NEWME MEDTECH to discuss aesthetic technology systems, applications, configurations, and market documentation.','published'),
('60000000-0000-4000-8000-000000000004','blog','Decision frameworks for aesthetic professionals.','Clinical & Business Insights','{}','Aesthetic Technology Insights','Read structured guidance on aesthetic systems, technologies, applications, professional platforms, and market planning.','published')
on conflict (id) do update set key=excluded.key,title=excluded.title,eyebrow=excluded.eyebrow,content=excluded.content,seo_title=excluded.seo_title,seo_description=excluded.seo_description,status=excluded.status;

commit;

select 'systems' as entity,count(*) from public.systems where status='published'
union all select 'technologies',count(*) from public.technologies where status='published'
union all select 'products',count(*) from public.products where status='published'
union all select 'applications',count(*) from public.applications where status='published';
